{"is_source_file": true, "format": "HTML", "description": "This is an HTML file that serves as the frontend interface for a database visualizer application. It includes HTML structure, CSS styles, and JavaScript code for fetching and displaying database information, tables, and data interactively.", "external_files": ["/api/databases", "/api/{db}/tables", "/api/{db}/tables/{tableName}/data"], "external_methods": ["fetchData"], "published": [], "classes": [], "methods": [{"name": "loadDatabases", "description": "Fetches the list of databases and displays them in the sidebar."}, {"name": "refreshDatabases", "description": "Refreshes the list of databases and resets the view."}, {"name": "toggleDatabase", "description": "Expands or collapses a database to show its tables."}, {"name": "loadTables", "description": "Loads and displays tables for a selected database."}, {"name": "loadTableData", "description": "Fetches and displays data for a selected table."}, {"name": "renderTable", "description": "Generates HTML to display a data table."}, {"name": "renderCell", "description": "Renders individual cell content based on its data type and length."}, {"name": "expandCell", "description": "Expands or collapses cell content for longer or object data."}], "calls": ["fetchData('/api/databases')", "fetchData(`/api/${db}/tables`)", "fetchData(`/api/${db}/tables/${tableName}/data?limit=50`)"], "search-terms": ["index.html", "Database Viewer interface", "HTML CSS JS embedded script", "data visualization for databases", "client-side table rendering", "interactive database browser"], "state": 2, "file_id": 4, "knowledge_revision": 17, "git_revision": "1469dc54de932cbf87252f2929a4ee456bb77d9d", "hash": "ee63333a4841bf025439c755a74c9881", "format-version": 4, "code-base-name": "notes_database", "filename": "notes_database/db_visualizer/public/index.html", "revision_history": [{"17": "1469dc54de932cbf87252f2929a4ee456bb77d9d"}]}