{"is_source_file": true, "format": "bash", "description": "This script automates restoring various types of databases (SQLite, PostgreSQL, MySQL, MongoDB) from backups based on the presence of specific backup files and database environment conditions.", "external_files": ["database_backup.db", "database_backup.sql", "database_backup.archive"], "external_methods": ["ls", "cp", "echo", "sudo", "mysqladmin", "mysql", "mongosh", "mongorestore"], "published": [], "classes": [], "methods": [], "calls": ["ls /usr/lib/postgresql/", "sudo -u postgres pg_isready", "psql", "mysqladmin ping", "mysql", "mongosh", "mongorestore"], "search-terms": ["restore_db.sh", "database_backup", "SQLite", "PostgreSQL", "MySQL", "MongoDB", "backup", "restore", "shell script", "database detection"], "state": 2, "file_id": 1, "knowledge_revision": 14, "git_revision": "1469dc54de932cbf87252f2929a4ee456bb77d9d", "hash": "d42c3e6cbc3bbd627e3c08afcf4183ec", "format-version": 4, "code-base-name": "notes_database", "filename": "notes_database/restore_db.sh", "revision_history": [{"14": "1469dc54de932cbf87252f2929a4ee456bb77d9d"}]}