{"is_source_file": false, "format": "", "description": "", "external_files": [], "external_methods": [], "published": [], "classes": [], "methods": [], "calls": [], "search-terms": [], "state": 2, "file_id": 7, "knowledge_revision": 12, "git_revision": "1469dc54de932cbf87252f2929a4ee456bb77d9d", "hash": "0c9f36dfd1a6dee9fa952c06ab7d9563", "format-version": 4, "code-base-name": "notes_database", "filename": "notes_database/db_visualizer/package.json", "revision_history": [{"12": "1469dc54de932cbf87252f2929a4ee456bb77d9d"}]}