{"is_source_file": true, "format": "bash", "description": "This script performs automatic backups for various types of databases (SQLite, PostgreSQL, MySQL, MongoDB). It detects the running database based on the environment and performs an appropriate backup operation, saving the backup to a file.", "external_files": ["/usr/lib/postgresql/", "/var/run/mysqld/mysqld.sock"], "external_methods": ["ls", "cp", "sudo -u postgres pg_isready", "pg_dump", "mysqladmin", "mysql", "mysqldump", "mongosh", "mongodump"], "published": [], "classes": [], "methods": [], "calls": ["ls", "cp", "sudo -u postgres pg_isready", "pg_dump", "mysqladmin ping", "mysql", "mysqldump", "mongosh", "mongodump"], "search-terms": ["backup_db.sh", "database backup", "SQLite", "PostgreSQL", "MySQL", "MongoDB", "database detection"], "state": 2, "file_id": 3, "knowledge_revision": 13, "git_revision": "1469dc54de932cbf87252f2929a4ee456bb77d9d", "hash": "d7da372b768c895a33088027314656c3", "format-version": 4, "code-base-name": "notes_database", "filename": "notes_database/backup_db.sh", "revision_history": [{"13": "1469dc54de932cbf87252f2929a4ee456bb77d9d"}]}